product_id,product_name,brand_id
1,Total asymmetric moratorium,1
2,Centralized asymmetric leverage,1
3,Automated executive installation,1
4,Enterprise-wide zero administration challenge,2
5,Visionary secondary superstructure,2
6,Stand-alone intangible hub,2
7,Multi-tiered local implementation,2
8,Multi-tiered attitude-oriented software,3
9,Switchable needs-based challenge,4
10,Streamlined grid-enabled capability,4
11,Enhanced national infrastructure,4
12,Progressive clear-thinking superstructure,4
13,Face-to-face 24hour system engine,5
14,Ameliorated exuding Local Area Network,5
15,Synergistic uniform moratorium,6
16,Optimized national implementation,6
17,Focused dynamic knowledgebase,6
18,Monitored coherent focus group,7
19,Ergonomic uniform task-force,8
20,Customizable 5thgeneration workforce,8
21,Switchable intangible pricing structure,8
22,Visionary 3rdgeneration encoding,8
23,Expanded asymmetric attitude,9
24,Right-sized 5thgeneration knowledge user,10
25,Right-sized systematic strategy,10
26,Business-focused dynamic support,11
27,Balanced impactful intranet,11
28,Focused needs-based data-warehouse,11
29,Versatile zero-defect approach,12
30,Devolved motivating frame,12
31,Focused upward-trending orchestration,12
32,Intuitive object-oriented policy,12
33,Visionary systematic Graphic Interface,13
34,Front-line exuding circuit,14
35,Switchable multi-state definition,14
36,Open-source exuding focus group,14
37,Centralized next generation parallelism,15
38,User-centric context-sensitive product,15
39,Synergistic interactive open architecture,15
40,Proactive actuating hardware,16
41,Stand-alone static implementation,17
42,Progressive foreground standardization,17
43,Operative incremental collaboration,17
44,Innovative homogeneous contingency,18
45,Versatile national leverage,18
46,Front-line directional framework,18
47,Triple-buffered client-server workforce,19
48,Persistent analyzing open architecture,19
49,Open-source intangible open architecture,19
50,Progressive client-driven info-mediaries,19
51,Fully-configurable eco-centric database,20
52,Managed secondary artificial intelligence,20
53,Organized holistic array,20
54,Public-key uniform core,21
55,Business-focused encompassing implementation,21
56,Synergistic real-time portal,21
57,Balanced asynchronous core,21
58,Virtual optimizing success,22
59,Synchronized next generation data-warehouse,22
60,Polarized demand-driven groupware,22
61,Innovative 24/7 data-warehouse,23
62,Ergonomic user-facing capability,23
63,User-friendly web-enabled matrices,24
64,Fully-configurable tangible portal,24
65,Triple-buffered demand-driven infrastructure,25
66,Front-line neutral Graphic Interface,25
67,Vision-oriented executive implementation,25
68,Persistent national projection,25
69,Multi-channeled fault-tolerant firmware,26
70,Multi-lateral multimedia methodology,26
71,Persistent bandwidth-monitored website,26
72,Up-sized methodical task-force,26
73,Intuitive demand-driven hub,27
74,Intuitive incremental analyzer,27
75,Re-contextualized directional support,28
76,Digitized 3rdgeneration firmware,28
77,Reactive optimal paradigm,28
78,Up-sized intangible frame,29
79,Distributed dedicated groupware,29
80,Focused homogeneous open system,29
81,Fully-configurable modular neural-net,29
82,Streamlined systemic Graphical User Interface,30
83,Function-based well-modulated matrix,31
84,Up-sized secondary support,31
85,Pre-emptive logistical concept,31
86,Upgradable heuristic concept,32
87,Devolved uniform moratorium,32
88,Pre-emptive contextually-based moratorium,32
89,Stand-alone analyzing moderator,33
90,Automated asynchronous secured line,33
91,Business-focused well-modulated ability,34
92,Open-source client-driven product,34
93,Focused asymmetric strategy,34
94,Distributed 24/7 data-warehouse,34
95,Profit-focused logistical hub,35
96,Centralized regional productivity,35
97,Synchronized reciprocal matrices,35
98,Switchable mobile adapter,36
99,Adaptive national neural-net,36
100,Open-source 24/7 adapter,36
101,Progressive uniform focus group,36
102,Public-key executive adapter,37
103,Profit-focused tangible service-desk,37
104,Optional context-sensitive benchmark,37
105,Cross-platform multi-tasking collaboration,37
106,Front-line content-based process improvement,38
107,Progressive eco-centric help-desk,38
108,Future-proofed hybrid artificial intelligence,38
109,Multi-layered impactful knowledgebase,38
110,Re-contextualized dynamic standardization,39
111,Face-to-face exuding software,39
112,Configurable solution-oriented projection,40
113,Virtual 5thgeneration array,40
114,Open-architected homogeneous implementation,40
115,Reactive methodical approach,40
116,Sharable 24/7 standardization,41
117,Down-sized attitude-oriented methodology,41
118,Optional secondary toolset,42
119,Managed non-volatile attitude,43
120,Progressive 6thgeneration emulation,43
121,Extended system-worthy open system,43
122,Phased encompassing analyzer,44
123,Compatible systemic focus group,44
124,Quality-focused non-volatile protocol,44
125,Automated context-sensitive functionalities,45
126,Ameliorated demand-driven parallelism,46
127,Digitized web-enabled structure,46
128,Object-based asynchronous framework,47
129,Diverse non-volatile encoding,47
130,Re-contextualized human-resource service-desk,47
131,Quality-focused full-range info-mediaries,48
132,Versatile user-facing challenge,48
133,Team-oriented uniform artificial intelligence,49
134,Profit-focused value-added hardware,49
135,Business-focused bandwidth-monitored Internet solution,50
136,Focused asynchronous Graphical User Interface,50
137,Robust zero administration pricing structure,51
138,Right-sized hybrid time-frame,52
139,Inverse 4thgeneration productivity,53
140,Future-proofed zero tolerance knowledge user,53
141,Pre-emptive discrete help-desk,54
142,Reactive homogeneous Internet solution,54
143,Enterprise-wide systemic paradigm,54
144,Switchable homogeneous artificial intelligence,54
145,Visionary regional frame,55
146,Fully-configurable transitional archive,56
147,Configurable encompassing collaboration,56
148,Multi-tiered transitional toolset,56
149,Sharable coherent support,56
150,Networked foreground hierarchy,57
151,Customer-focused background ability,57
152,Integrated leadingedge hierarchy,57
153,Virtual encompassing benchmark,57
154,De-engineered background contingency,58
155,Optional local open architecture,58
156,Realigned multimedia installation,59
157,Customer-focused 4thgeneration array,59
158,Multi-channeled neutral array,59
159,Right-sized radical toolset,59
160,Inverse human-resource access,60
161,Implemented incremental info-mediaries,60
162,Vision-oriented attitude-oriented success,60
163,Realigned dynamic orchestration,60
164,Programmable composite software,61
165,Multi-tiered composite challenge,61
166,Future-proofed exuding flexibility,61
167,Proactive client-server architecture,61
168,Down-sized intermediate focus group,62
169,Operative exuding matrices,62
170,Compatible high-level extranet,63
171,Fully-configurable uniform product,63
172,Proactive radical pricing structure,64
173,Exclusive logistical benchmark,65
174,Devolved exuding ability,66
175,Object-based full-range process improvement,66
176,Multi-tiered full-range intranet,66
177,Managed intermediate projection,66
178,Right-sized client-driven framework,67
179,Inverse real-time solution,67
180,Exclusive mission-critical functionalities,68
181,Enhanced hybrid functionalities,68
182,Implemented user-facing solution,69
183,Sharable mobile orchestration,69
184,Fully-configurable fresh-thinking implementation,69
185,Grass-roots zero tolerance infrastructure,69
186,Multi-lateral bifurcated open system,70
187,Exclusive optimizing moratorium,71
188,Enterprise-wide systemic throughput,71
189,Reactive 4thgeneration superstructure,72
190,Persistent tertiary database,73
191,Organic explicit solution,73
192,Cloned incremental service-desk,73
193,Proactive client-driven productivity,73
194,Innovative disintermediate extranet,74
195,Switchable coherent structure,74
196,Optimized homogeneous archive,75
197,Organized radical matrices,75
198,Reduced impactful monitoring,75
199,Profit-focused system-worthy instruction set,75
200,Quality-focused 5thgeneration utilization,76
201,Multi-lateral tangible workforce,76
202,Public-key radical productivity,76
203,Configurable bi-directional throughput,77
204,Fully-configurable stable secured line,77
205,Multi-channeled composite project,77
206,Seamless 6thgeneration open system,77
207,Stand-alone systematic project,78
208,Open-architected web-enabled groupware,78
209,Optional bi-directional access,78
210,Cross-platform empowering definition,78
211,Profound value-added model,79
212,Realigned optimal solution,79
213,Re-engineered directional knowledge user,79
214,Multi-layered hybrid Local Area Network,79
215,Visionary systematic parallelism,80
216,Team-oriented motivating collaboration,80
217,Monitored 4thgeneration matrices,81
218,Customer-focused explicit instruction set,81
219,Configurable bifurcated superstructure,81
220,Digitized grid-enabled function,81
221,Mandatory logistical toolset,82
222,Expanded multi-state matrices,82
223,Monitored methodical attitude,82
224,Organic uniform standardization,82
225,Organized foreground architecture,83
226,Innovative 6thgeneration workforce,83
227,Triple-buffered bifurcated adapter,83
228,Mandatory secondary benchmark,84
229,Synergistic composite support,84
230,Fully-configurable multi-state conglomeration,85
231,Reactive cohesive groupware,85
232,Realigned interactive Local Area Network,85
233,Focused impactful product,86
234,Enterprise-wide contextually-based productivity,86
235,Switchable intermediate infrastructure,86
236,Assimilated user-facing pricing structure,86
237,Exclusive local parallelism,87
238,Optimized human-resource ability,87
239,Triple-buffered didactic database,88
240,Grass-roots web-enabled strategy,88
241,Cloned object-oriented benchmark,88
242,Public-key contextually-based hierarchy,89
243,Inverse dedicated knowledgebase,89
244,Customizable empowering secured line,89
245,Pre-emptive multi-tasking productivity,89
246,Intuitive radical info-mediaries,90
247,Seamless hybrid parallelism,91
248,Customizable grid-enabled help-desk,91
249,Persevering regional conglomeration,91
250,Synergistic tertiary website,92
251,Innovative reciprocal parallelism,92
252,Configurable systematic challenge,93
253,Intuitive bottom-line encoding,93
254,Integrated bifurcated contingency,93
255,Multi-layered system-worthy circuit,94
256,Profound human-resource instruction set,94
257,Right-sized client-driven orchestration,94
258,Networked interactive contingency,95
259,Pre-emptive scalable monitoring,95
260,Team-oriented secondary conglomeration,95
261,Realigned composite matrix,96
262,Horizontal client-driven contingency,97
263,Intuitive local process improvement,97
264,Business-focused heuristic access,98
265,Pre-emptive client-driven core,98
266,Networked next generation middleware,99
267,Streamlined modular installation,99
268,Synergized mobile instruction set,100
269,Triple-buffered leadingedge matrix,100
270,Down-sized attitude-oriented open system,100
271,Assimilated well-modulated definition,100
272,Implemented 5thgeneration focus group,101
273,Face-to-face national forecast,101
274,Down-sized zero-defect knowledgebase,102
275,Re-contextualized value-added throughput,102
276,Visionary modular neural-net,103
277,Profound bifurcated orchestration,104
278,Customizable encompassing time-frame,104
279,Quality-focused high-level moratorium,104
280,Versatile 6thgeneration task-force,104
281,Up-sized leadingedge moratorium,105
282,Extended interactive benchmark,105
283,User-centric solution-oriented system engine,105
284,Fully-configurable exuding alliance,105
285,Organized empowering hardware,106
286,Cross-group leadingedge capability,106
287,Vision-oriented disintermediate database,106
288,User-centric optimizing solution,107
289,Monitored tertiary pricing structure,107
290,Self-enabling interactive concept,107
291,Seamless client-driven toolset,107
292,Expanded demand-driven workforce,108
293,Centralized non-volatile hardware,108
294,Public-key even-keeled policy,108
295,Public-key composite Graphic Interface,108
296,Triple-buffered explicit frame,109
297,Re-engineered encompassing migration,110
298,Synergistic bandwidth-monitored challenge,110
299,Versatile zero tolerance installation,111
300,Centralized even-keeled projection,111
301,De-engineered tangible capacity,111
302,Fully-configurable client-server structure,111
303,Inverse dynamic task-force,112
304,Synergistic hybrid matrix,112
305,Digitized object-oriented product,112
306,Future-proofed responsive instruction set,112
307,Multi-tiered local archive,113
308,Sharable zero administration array,114
309,Open-architected multimedia synergy,114
310,Grass-roots system-worthy hub,114
311,Persevering mobile Graphic Interface,114
312,Reduced 24hour time-frame,115
313,Upgradable background superstructure,115
314,Persevering scalable secured line,115
315,Total heuristic architecture,115
316,Public-key hybrid data-warehouse,116
317,Optimized didactic methodology,117
318,Future-proofed fresh-thinking forecast,117
319,Mandatory neutral orchestration,117
320,De-engineered non-volatile matrix,118
321,Mandatory systemic task-force,118
322,Business-focused 6thgeneration attitude,118
323,Self-enabling zero tolerance knowledgebase,119
324,Ameliorated bottom-line complexity,119
325,Organic logistical ability,119
326,Optimized dedicated solution,119
327,De-engineered solution-oriented framework,120
328,Diverse even-keeled array,120
329,Streamlined high-level extranet,120
330,Configurable holistic secured line,120
331,Streamlined composite application,121
332,Object-based responsive function,121
333,Up-sized tangible system engine,122
334,Focused interactive projection,122
335,Cross-group tertiary attitude,122
336,Adaptive didactic matrices,122
337,Compatible clear-thinking parallelism,123
338,Face-to-face multi-state software,123
339,Organic 24/7 access,124
340,Total global capability,124
341,Optimized system-worthy capacity,124
342,Polarized asynchronous emulation,125
343,Networked background superstructure,125
344,Customer-focused bi-directional functionalities,125
345,Multi-layered exuding challenge,125
346,Multi-tiered zero-defect system engine,126
347,Devolved secondary service-desk,126
348,Digitized asymmetric moderator,126
349,Re-contextualized 24/7 pricing structure,126
350,Streamlined composite intranet,127
351,Monitored uniform data-warehouse,128
352,Self-enabling value-added collaboration,128
353,Open-source reciprocal software,128
354,Organic didactic array,128
355,Cross-platform client-driven system engine,129
356,Decentralized optimizing superstructure,129
357,Networked grid-enabled interface,129
358,Intuitive client-driven encryption,130
359,Grass-roots secondary artificial intelligence,130
360,Fully-configurable neutral policy,130
361,Right-sized uniform portal,130
362,Horizontal zero-defect solution,131
363,Assimilated stable framework,131
364,Expanded multi-state portal,132
365,Profound content-based synergy,132
366,Object-based explicit project,132
367,Business-focused zero tolerance utilization,132
368,Front-line modular info-mediaries,133
369,Customizable disintermediate methodology,133
370,Sharable radical archive,134
371,Progressive 24/7 hierarchy,135
372,Intuitive clear-thinking info-mediaries,135
373,Re-contextualized intangible hierarchy,135
374,Quality-focused systemic conglomeration,135
375,Virtual methodical throughput,136
376,Compatible 3rdgeneration parallelism,137
377,Cloned 24/7 firmware,138
378,Extended 6thgeneration approach,138
379,Object-based motivating forecast,138
380,Self-enabling transitional middleware,138
381,Visionary intangible interface,139
382,Total impactful artificial intelligence,139
383,Sharable national monitoring,140
384,Seamless coherent focus group,140
385,Configurable fault-tolerant artificial intelligence,140
386,Profound demand-driven workforce,140
387,Distributed national Graphic Interface,141
388,Object-based optimizing productivity,141
389,Virtual solution-oriented software,142
390,Stand-alone asymmetric function,143
391,Total intermediate superstructure,143
392,Front-line analyzing encryption,143
393,Cross-group intermediate budgetary management,144
394,Persevering reciprocal portal,144
395,Centralized fault-tolerant secured line,144
396,User-centric stable support,144
397,Enhanced bottom-line access,145
398,Triple-buffered client-driven standardization,145
399,Advanced cohesive methodology,145
400,Monitored multi-state model,146
401,Up-sized empowering concept,146
402,Multi-layered clear-thinking synergy,147
403,Vision-oriented encompassing superstructure,147
404,Decentralized zero administration algorithm,147
405,Managed interactive flexibility,147
406,Progressive asymmetric firmware,148
407,Universal object-oriented product,148
408,Compatible modular knowledgebase,148
409,Profound high-level approach,149
410,Proactive non-volatile concept,149
411,Multi-layered cohesive extranet,149
412,Visionary bi-directional orchestration,150
413,Synergistic uniform budgetary management,150
414,Focused user-facing migration,150
415,Adaptive 6thgeneration access,150
416,Fully-configurable 6thgeneration leverage,151
417,Multi-lateral human-resource collaboration,151
418,Enhanced 5thgeneration neural-net,151
419,Universal user-facing projection,152
420,Operative directional Graphic Interface,152
421,Fully-configurable intangible success,152
422,Intuitive encompassing archive,152
423,Re-engineered holistic capability,153
424,Profit-focused systematic application,153
425,Enhanced directional website,153
426,Programmable 6thgeneration initiative,154
427,Cloned maximized forecast,155
428,Vision-oriented fault-tolerant Graphic Interface,155
429,Cross-group neutral knowledgebase,155
430,Advanced holistic customer loyalty,155
431,Implemented non-volatile toolset,156
432,Innovative user-facing process improvement,157
433,Fully-configurable maximized hub,158
434,Reverse-engineered modular throughput,158
435,Vision-oriented dedicated superstructure,158
436,Quality-focused well-modulated utilization,159
437,Fully-configurable coherent ability,159
438,Open-source 4thgeneration emulation,160
439,Quality-focused grid-enabled productivity,161
440,Team-oriented 24/7 groupware,162
441,Adaptive well-modulated protocol,163
442,Multi-tiered user-facing superstructure,163
443,Integrated bi-directional database,164
444,Progressive disintermediate instruction set,164
445,Pre-emptive analyzing circuit,165
446,Universal even-keeled array,166
447,Balanced discrete model,166
448,Open-source tangible hub,167
449,Persevering value-added artificial intelligence,167
450,Reduced bandwidth-monitored middleware,168
451,Devolved scalable infrastructure,168
452,Compatible optimizing open system,169
453,Centralized intermediate protocol,169
454,De-engineered disintermediate frame,169
455,Fundamental foreground website,169
456,Object-based tangible support,170
457,Inverse foreground knowledge user,171
458,Future-proofed discrete archive,171
459,Exclusive client-driven time-frame,172
460,Visionary optimal benchmark,172
461,Distributed bi-directional concept,172
462,Organized maximized functionalities,172
463,Open-source bottom-line monitoring,173
464,Multi-channeled zero administration database,173
465,Organized fault-tolerant Local Area Network,173
466,Fundamental bottom-line array,174
467,Diverse systemic framework,174
468,Triple-buffered tangible portal,174
469,Balanced didactic Graphic Interface,175
470,Digitized background structure,175
471,Fully-configurable heuristic infrastructure,176
472,Profound actuating service-desk,177
473,Innovative empowering conglomeration,177
474,Assimilated impactful knowledge user,178
475,Realigned value-added neural-net,178
476,Fully-configurable bandwidth-monitored Local Area Network,178
477,Customer-focused client-driven capability,179
478,Advanced analyzing time-frame,180
479,Face-to-face clear-thinking customer loyalty,181
480,Open-architected holistic software,181
481,Self-enabling secondary artificial intelligence,181
482,Reduced optimizing firmware,182
483,Compatible 3rdgeneration architecture,182
484,Exclusive secondary intranet,182
485,De-engineered background workforce,182
486,Managed bottom-line analyzer,183
487,Persistent actuating concept,183
488,Re-engineered intermediate success,183
489,Object-based modular algorithm,183
490,Multi-tiered systemic interface,184
491,Enhanced heuristic data-warehouse,184
492,Enterprise-wide even-keeled focus group,185
493,Organized coherent alliance,186
494,Seamless regional pricing structure,186
495,Fully-configurable secondary frame,187
496,Proactive incremental neural-net,188
497,Polarized analyzing array,188
498,Grass-roots human-resource challenge,188
499,Operative dedicated project,189
500,Progressive dynamic product,190
501,Quality-focused 3rdgeneration implementation,191
502,Universal heuristic matrices,191
503,Quality-focused zero tolerance matrix,191
504,Monitored non-volatile middleware,192
505,Inverse human-resource flexibility,192
506,Enterprise-wide 4thgeneration functionalities,192
507,Right-sized directional algorithm,192
508,Vision-oriented even-keeled approach,193
509,Phased multi-tasking help-desk,193
510,Visionary optimal emulation,193
511,Diverse bandwidth-monitored encryption,194
512,Switchable disintermediate flexibility,195
513,Public-key user-facing approach,195
514,Virtual directional orchestration,195
515,Networked heuristic conglomeration,196
516,Enhanced disintermediate parallelism,197
517,Intuitive user-facing standardization,197
518,Multi-channeled optimizing algorithm,197
519,Triple-buffered tangible help-desk,197
520,Re-contextualized non-volatile circuit,198
521,Re-contextualized content-based workforce,198
522,Proactive needs-based function,198
523,Enhanced mobile alliance,198
524,Cross-group analyzing emulation,199
525,Robust directional adapter,200
526,Progressive mission-critical ability,200
527,Managed reciprocal customer loyalty,200
528,De-engineered global structure,200
529,Enhanced fresh-thinking approach,201
530,Ameliorated client-server parallelism,201
531,Triple-buffered client-server time-frame,201
532,Customizable multi-tasking hierarchy,202
533,Compatible holistic strategy,202
534,Switchable hybrid parallelism,202
535,Cross-platform global framework,202
536,Inverse client-driven complexity,203
537,Upgradable intermediate utilization,203
538,Sharable mobile projection,204
539,Intuitive context-sensitive strategy,204
540,Realigned system-worthy pricing structure,204
541,Multi-channeled directional secured line,204
542,Reverse-engineered context-sensitive implementation,205
543,Integrated upward-trending solution,205
544,Implemented clear-thinking conglomeration,206
545,Upgradable 24hour standardization,206
546,Re-engineered hybrid throughput,206
547,Re-contextualized 5thgeneration contingency,207
548,Robust foreground workforce,207
549,Seamless directional productivity,207
550,Re-contextualized bi-directional methodology,207
551,Digitized full-range synergy,208
552,Compatible disintermediate hardware,208
553,Intuitive composite productivity,208
554,Cross-group tertiary secured line,208
555,Sharable upward-trending groupware,209
556,Organized 24/7 firmware,209
557,Expanded dynamic solution,209
558,Cloned grid-enabled extranet,209
559,Customer-focused uniform ability,210
560,Business-focused human-resource intranet,210
561,Upgradable intangible concept,210
562,Open-source modular implementation,211
563,Monitored needs-based implementation,211
564,Cross-platform mission-critical toolset,211
565,Re-engineered solution-oriented task-force,212
566,Synergized directional complexity,212
567,Organized asynchronous website,213
568,Automated explicit adapter,214
569,Intuitive empowering benchmark,214
570,Compatible global concept,214
571,Multi-tiered cohesive superstructure,215
572,Compatible neutral array,215
573,Mandatory radical pricing structure,215
574,Polarized tertiary algorithm,215
575,Optional solution-oriented concept,216
576,Robust intermediate complexity,216
577,Business-focused bandwidth-monitored groupware,217
578,Expanded content-based installation,217
579,Total neutral success,217
580,Upgradable needs-based firmware,217
581,Switchable executive framework,218
582,Front-line bandwidth-monitored application,218
583,Object-based object-oriented neural-net,218
584,Pre-emptive coherent application,218
585,Multi-lateral 24hour interface,219
586,Cross-group explicit protocol,219
587,Self-enabling radical matrices,219
588,Exclusive bandwidth-monitored algorithm,220
589,Expanded composite productivity,221
590,Implemented attitude-oriented leverage,221
591,Customizable fault-tolerant toolset,221
592,Object-based methodical matrix,221
593,Switchable empowering array,222
594,Stand-alone needs-based info-mediaries,222
595,Enterprise-wide holistic implementation,222
596,Multi-layered contextually-based knowledge user,223
597,Balanced empowering intranet,223
598,Persistent empowering definition,224
599,Future-proofed non-volatile approach,224
600,Distributed web-enabled standardization,224
601,Synchronized bandwidth-monitored artificial intelligence,224
602,Synchronized grid-enabled workforce,225
603,Quality-focused incremental system engine,225
604,Reverse-engineered discrete neural-net,226
605,Centralized human-resource model,226
606,Operative national software,226
607,Phased object-oriented encoding,227
608,Phased exuding artificial intelligence,227
609,Object-based transitional alliance,227
610,Profit-focused object-oriented model,228
611,Re-engineered systematic process improvement,228
612,Digitized bottom-line system engine,228
613,Organized context-sensitive concept,229
614,Extended content-based capacity,229
615,Balanced interactive artificial intelligence,229
616,Synergized intermediate customer loyalty,230
617,Self-enabling client-server policy,230
618,Fundamental foreground superstructure,230
619,Cloned background info-mediaries,231
620,Realigned hybrid neural-net,232
621,Inverse even-keeled model,232
622,Persevering 24/7 toolset,233
623,Total regional parallelism,234
624,Programmable zero tolerance instruction set,234
625,Customizable intangible collaboration,235
626,Digitized non-volatile parallelism,235
627,Reduced well-modulated attitude,235
628,Customer-focused non-volatile time-frame,235
629,Cross-platform zero tolerance forecast,236
630,Public-key grid-enabled installation,236
631,Fundamental human-resource projection,236
632,Pre-emptive object-oriented portal,236
633,Phased 5thgeneration conglomeration,237
634,Grass-roots impactful circuit,237
635,Secured real-time software,238
636,Team-oriented impactful alliance,238
637,Object-based full-range solution,238
638,Front-line actuating synergy,238
639,Phased encompassing hub,239
640,Ameliorated global utilization,239
641,Innovative fault-tolerant focus group,239
642,Pre-emptive tangible software,239
643,Cross-platform discrete challenge,240
644,Innovative value-added intranet,240
645,Vision-oriented fresh-thinking flexibility,240
646,Upgradable intangible portal,240
647,Stand-alone background core,241
648,Organic didactic installation,242
649,User-centric mobile task-force,243
650,Programmable holistic approach,243
651,Profound cohesive architecture,243
652,Integrated tertiary middleware,244
653,Open-architected client-driven time-frame,244
654,Progressive non-volatile algorithm,245
655,Enhanced content-based customer loyalty,245
656,Centralized dynamic alliance,245
657,Persevering actuating hierarchy,245
658,Triple-buffered dedicated focus group,246
659,Multi-layered maximized middleware,246
660,Object-based scalable capability,247
661,Synergized 4thgeneration encoding,247
662,Multi-layered mobile policy,247
663,Organized context-sensitive leverage,248
664,Reverse-engineered neutral hardware,248
665,Monitored cohesive firmware,248
666,User-friendly system-worthy array,249
667,Horizontal 4thgeneration info-mediaries,249
668,Business-focused cohesive orchestration,249
669,Vision-oriented didactic definition,249
670,Stand-alone directional service-desk,250
671,Expanded encompassing projection,250
672,Open-source multimedia adapter,250
673,Vision-oriented zero administration software,251
674,Advanced methodical capacity,251
675,Stand-alone context-sensitive policy,251
676,Advanced directional extranet,251
677,Robust fault-tolerant structure,252
678,Triple-buffered secondary focus group,252
679,Optimized homogeneous hardware,252
680,Persevering eco-centric data-warehouse,253
681,Persistent exuding service-desk,253
682,Programmable regional infrastructure,253
683,Reduced bi-directional ability,254
684,Profound stable hub,254
685,Realigned secondary policy,254
686,Robust executive framework,254
687,Synergized bi-directional matrices,255
688,Cloned global focus group,255
689,Sharable fresh-thinking focus group,255
690,Fundamental solution-oriented structure,256
691,Streamlined exuding core,256
692,Distributed multi-state task-force,256
693,Front-line analyzing workforce,257
694,Right-sized impactful protocol,257
695,Intuitive systemic challenge,257
696,Up-sized 4thgeneration projection,258
697,Proactive explicit firmware,258
698,Operative impactful info-mediaries,259
699,User-centric 5thgeneration paradigm,260
700,Triple-buffered object-oriented core,260
701,Mandatory uniform structure,261
702,Face-to-face systemic monitoring,261
703,Sharable zero tolerance leverage,261
704,Synchronized heuristic middleware,262
705,Innovative composite protocol,263
706,Realigned contextually-based frame,263
707,Cross-platform methodical capacity,264
708,User-centric empowering success,264
709,Realigned well-modulated contingency,265
710,Synergized full-range projection,265
711,Cross-group directional help-desk,266
712,Face-to-face value-added function,266
713,Operative zero tolerance groupware,266
714,Multi-layered empowering paradigm,266
715,Implemented maximized capability,267
716,Phased actuating productivity,267
717,Reduced optimal process improvement,267
718,Compatible methodical core,268
719,Profit-focused bottom-line software,268
720,Multi-tiered multi-tasking framework,268
721,Open-source actuating collaboration,269
722,Devolved dedicated Graphical User Interface,270
723,Open-source non-volatile knowledgebase,270
724,Digitized foreground structure,271
725,Enterprise-wide zero-defect artificial intelligence,271
726,Pre-emptive full-range product,271
727,Enhanced foreground productivity,272
728,Centralized 24hour knowledge user,272
729,Grass-roots demand-driven task-force,273
730,Vision-oriented composite orchestration,273
731,Virtual cohesive matrix,273
732,Virtual zero-defect array,274
733,De-engineered reciprocal Internet solution,274
734,Sharable interactive initiative,275
735,Optimized mission-critical info-mediaries,275
736,Adaptive 5thgeneration monitoring,275
737,Exclusive upward-trending hub,276
738,Advanced fresh-thinking system engine,277
739,Progressive content-based adapter,277
740,Synergistic 24hour product,278
741,Upgradable dynamic definition,278
742,Team-oriented grid-enabled function,278
743,De-engineered bi-directional info-mediaries,279
744,Profit-focused optimizing function,280
745,Down-sized asymmetric analyzer,281
746,Innovative explicit knowledgebase,281
747,Upgradable multi-state policy,281
748,Progressive global Internet solution,282
749,Synergized client-driven Graphical User Interface,282
750,Pre-emptive heuristic system engine,283
751,Ergonomic composite workforce,283
752,Open-architected 3rdgeneration emulation,283
753,Face-to-face upward-trending capacity,283
754,Extended upward-trending adapter,284
755,Reverse-engineered motivating concept,285
756,Decentralized high-level structure,286
757,Streamlined 5thgeneration implementation,286
758,Sharable eco-centric throughput,286
759,Public-key regional application,287
760,Right-sized actuating protocol,287
761,Customer-focused solution-oriented adapter,287
762,Business-focused system-worthy budgetary management,287
763,Operative leadingedge implementation,288
764,Decentralized neutral extranet,288
765,Phased tangible collaboration,288
766,Expanded system-worthy software,288
767,Self-enabling 24/7 framework,289
768,Operative stable attitude,289
769,Switchable multi-state flexibility,289
770,Secured real-time standardization,289
771,Devolved intangible benchmark,290
772,Profound uniform process improvement,290
773,Decentralized executive budgetary management,290
774,Customer-focused modular customer loyalty,291
775,Robust dedicated time-frame,291
776,Fundamental multi-state customer loyalty,292
777,Multi-channeled tertiary installation,293
778,Implemented cohesive analyzer,293
779,Reactive modular database,293
780,Team-oriented mission-critical groupware,294
781,Front-line 24hour access,294
782,Synchronized background budgetary management,294
783,Re-engineered static methodology,294
784,Distributed background time-frame,295
785,Profound asynchronous success,296
786,Up-sized bandwidth-monitored extranet,297
787,Stand-alone discrete knowledgebase,297
788,Implemented empowering Local Area Network,297
789,Business-focused bandwidth-monitored conglomeration,297
790,Balanced explicit hierarchy,298
791,Synergistic foreground interface,298
792,User-centric bifurcated attitude,298
793,Virtual 6thgeneration access,298
794,Devolved stable project,299
795,Down-sized full-range help-desk,300
796,Organic regional flexibility,301
797,Upgradable background hub,301
798,Mandatory contextually-based budgetary management,302
799,Open-architected impactful knowledgebase,302
800,Future-proofed human-resource solution,303
801,Polarized intangible projection,303
802,Down-sized bifurcated capacity,303
803,Total uniform approach,304
804,Diverse bi-directional instruction set,305
805,Reverse-engineered mission-critical website,305
806,Re-contextualized systematic intranet,306
807,Enterprise-wide reciprocal implementation,307
808,Vision-oriented heuristic pricing structure,307
809,Assimilated systemic superstructure,307
810,De-engineered mission-critical matrix,307
811,Customizable incremental intranet,308
812,Balanced asymmetric firmware,308
813,Streamlined foreground access,309
814,Triple-buffered systematic moderator,309
815,Visionary value-added orchestration,309
816,Up-sized non-volatile definition,309
817,Synchronized global model,310
818,Programmable system-worthy standardization,310
819,Secured bandwidth-monitored Internet solution,310
820,Switchable upward-trending encryption,310
821,Polarized grid-enabled protocol,311
822,Synergistic secondary info-mediaries,311
823,Distributed next generation pricing structure,311
824,Business-focused 24/7 project,311
825,Diverse motivating leverage,312
826,Proactive composite archive,312
827,Versatile mobile Graphic Interface,312
828,Front-line full-range focus group,313
829,Business-focused motivating definition,313
830,Reactive secondary implementation,313
831,Open-architected disintermediate artificial intelligence,313
832,Persevering leadingedge website,314
833,Re-engineered local array,314
834,Proactive local functionalities,314
835,Decentralized modular synergy,315
836,Streamlined 3rdgeneration benchmark,316
837,Open-architected incremental alliance,317
838,Realigned neutral ability,317
839,Cross-group real-time process improvement,318
840,Sharable exuding migration,318
841,Realigned demand-driven projection,319
842,Synchronized logistical Graphical User Interface,319
843,Multi-lateral actuating definition,319
844,Persevering full-range open architecture,320
845,Visionary regional policy,321
846,Phased transitional protocol,321
847,Multi-lateral transitional knowledge user,322
848,Customizable bandwidth-monitored task-force,322
849,Switchable directional ability,323
850,Mandatory heuristic productivity,323
851,Implemented neutral model,324
852,Multi-layered tangible benchmark,325
853,Balanced composite methodology,325
854,Devolved transitional synergy,326
855,Up-sized incremental benchmark,327
856,Function-based reciprocal customer loyalty,327
857,Ergonomic bottom-line infrastructure,327
858,Extended logistical toolset,327
859,Ergonomic transitional Graphical User Interface,328
860,Customer-focused web-enabled instruction set,328
861,Balanced scalable service-desk,328
862,Reverse-engineered bottom-line throughput,328
863,Organized logistical protocol,329
864,Reverse-engineered motivating challenge,329
865,Proactive 24hour moderator,329
866,User-centric actuating neural-net,329
867,Optional optimal matrices,330
868,Profound zero-defect conglomeration,330
869,Team-oriented optimal conglomeration,330
870,Upgradable clear-thinking benchmark,331
871,Networked stable policy,332
872,Robust fresh-thinking middleware,332
873,Networked intangible portal,333
874,Team-oriented well-modulated encryption,333
875,Grass-roots hybrid Graphical User Interface,333
876,Implemented local workforce,334
877,Devolved client-driven installation,334
878,Robust tangible synergy,334
879,Profound exuding standardization,335
880,Reactive foreground structure,335
881,User-centric neutral product,335
882,Extended dedicated database,335
883,Secured transitional frame,336
884,Synergized grid-enabled service-desk,337
885,De-engineered tertiary projection,337
886,Enhanced motivating moratorium,338
887,Team-oriented scalable Graphic Interface,338
888,Triple-buffered bifurcated task-force,338
889,Multi-channeled next generation matrices,339
890,Reduced object-oriented secured line,339
891,Triple-buffered intangible service-desk,340
892,User-friendly national forecast,340
893,Optimized 24/7 model,340
894,Customer-focused 4thgeneration implementation,340
895,Digitized actuating secured line,341
896,Centralized dedicated flexibility,342
897,Versatile zero tolerance complexity,342
898,Horizontal systemic extranet,343
899,Digitized analyzing solution,343
900,Implemented demand-driven system engine,344
901,Quality-focused 5thgeneration help-desk,344
902,Organized bi-directional pricing structure,344
903,Synergistic user-facing open architecture,345
904,Face-to-face value-added project,345
905,Realigned human-resource encoding,346
906,Profound zero tolerance utilization,347
907,Total executive solution,348
908,Synchronized actuating implementation,348
909,Networked intangible toolset,349
910,Synergized foreground neural-net,349
911,Business-focused 24/7 synergy,349
912,Function-based dedicated process improvement,350
913,Vision-oriented leadingedge definition,350
914,Sharable tertiary strategy,350
915,Stand-alone holistic system engine,351
916,Reverse-engineered needs-based support,351
917,Robust dedicated time-frame,351
918,Up-sized content-based frame,351
919,Organized context-sensitive software,352
920,Compatible contextually-based conglomeration,353
921,User-centric multimedia capability,353
922,Multi-tiered 6thgeneration interface,353
923,Grass-roots next generation firmware,353
924,De-engineered cohesive paradigm,354
925,Function-based 24hour groupware,354
926,Persistent tertiary collaboration,354
927,Balanced coherent Graphic Interface,355
928,Right-sized actuating time-frame,355
929,Self-enabling reciprocal protocol,355
930,Innovative mobile utilization,355
931,Re-engineered neutral help-desk,356
932,Compatible zero tolerance strategy,356
933,Intuitive multi-tasking definition,356
934,Enterprise-wide multi-state architecture,357
935,Profit-focused cohesive instruction set,357
936,Quality-focused national initiative,357
937,Cross-group grid-enabled definition,357
938,Extended stable groupware,358
939,Managed high-level frame,358
940,Extended web-enabled process improvement,358
941,Progressive methodical open architecture,358
942,Versatile solution-oriented access,359
943,Customizable static hardware,360
944,Organized disintermediate project,361
945,Seamless regional encryption,361
946,Balanced systemic Graphic Interface,361
947,Multi-tiered bifurcated info-mediaries,361
948,Function-based needs-based success,362
949,Horizontal 4thgeneration model,362
950,Visionary holistic migration,362
951,Profound local matrix,363
952,Balanced explicit projection,363
953,Ergonomic fresh-thinking migration,363
954,Configurable bandwidth-monitored concept,364
955,Visionary national monitoring,365
956,Adaptive responsive architecture,366
957,Expanded static product,366
958,Vision-oriented didactic software,367
959,Optimized bi-directional database,368
960,Public-key tangible support,368
961,Vision-oriented intermediate project,368
962,Compatible value-added software,369
963,Distributed 4thgeneration knowledgebase,370
964,Universal full-range alliance,370
965,Cross-group asynchronous application,371
966,Enhanced eco-centric open architecture,371
967,Compatible object-oriented emulation,371
968,Fundamental incremental info-mediaries,371
969,Organized responsive initiative,372
970,Optional foreground adapter,372
971,Networked systematic capability,372
972,Public-key 24hour project,372
973,Up-sized regional architecture,373
974,Versatile value-added paradigm,373
975,Balanced tangible archive,373
976,Multi-channeled motivating benchmark,374
977,Implemented zero tolerance software,374
978,Innovative real-time array,375
979,Horizontal well-modulated intranet,375
980,Multi-tiered hybrid protocol,375
981,Assimilated methodical complexity,375
982,Public-key directional challenge,376
983,User-friendly hybrid utilization,376
984,Quality-focused explicit productivity,376
985,Digitized exuding service-desk,376
986,Upgradable secondary hub,377
987,Advanced neutral open architecture,378
988,Digitized bottom-line analyzer,378
989,Adaptive object-oriented policy,378
990,Object-based national neural-net,378
991,Configurable fault-tolerant database,379
992,User-friendly user-facing success,379
993,Monitored didactic installation,379
994,Stand-alone multimedia circuit,380
995,Diverse contextually-based definition,380
996,Seamless eco-centric core,380
997,Customizable contextually-based secured line,380
998,Re-contextualized actuating system engine,381
999,Reactive maximized project,381
1000,Reactive asynchronous frame,381
1001,Synchronized asymmetric extranet,382
1002,Cross-platform dedicated success,382
1003,Reduced mobile groupware,382
1004,Multi-channeled clear-thinking secured line,383
1005,Streamlined disintermediate attitude,384
1006,Horizontal regional architecture,384
1007,Ergonomic foreground matrix,385
1008,Organized full-range pricing structure,385
1009,Switchable fault-tolerant solution,385
1010,Reduced coherent open system,386
1011,Re-contextualized high-level workforce,386
1012,Intuitive interactive concept,386
1013,Adaptive foreground encryption,386
1014,Face-to-face transitional support,387
1015,Stand-alone intermediate focus group,387
1016,Multi-lateral client-driven service-desk,387
1017,Upgradable full-range matrices,387
1018,Persistent local help-desk,388
1019,Vision-oriented fault-tolerant matrix,388
1020,Reactive bi-directional conglomeration,388
1021,Stand-alone real-time artificial intelligence,389
1022,Grass-roots client-driven monitoring,389
1023,Exclusive empowering superstructure,389
1024,Self-enabling asynchronous superstructure,389
1025,Compatible 3rdgeneration middleware,390
1026,Self-enabling 4thgeneration paradigm,391
1027,Reduced impactful throughput,391
1028,Reverse-engineered didactic alliance,391
1029,Reactive empowering moratorium,391
1030,Quality-focused methodical projection,392
1031,Vision-oriented coherent hierarchy,393
1032,Object-based directional throughput,393
1033,Reverse-engineered upward-trending frame,393
1034,Devolved maximized middleware,394
1035,Profound background infrastructure,394
1036,Multi-lateral motivating access,394
